"candidate_name","win_count","avg_percentage"
"""BILL"" ZELIFF",1,0.550549983824005
"""BOBBY"" JINDAL",1,0.811689597321264
"""ED"" TARPLEY",1,0.758146181989922
"""GREG"" ELLISON",1,0.781116897922767
"""JEFF"" LANDRY",1,0.637669200653101
"""JOSH"" GUILLORY",1,0.684154458553405
"""MATT"" HASTY",1,0.77115998988715
"""MIKE"" JOHNSON",2,0.724065751055589
"""TREY"" THOMAS",1,0.703539929345606
"A DREW FERGUSON IV",2,0.668977267386459
"AARON BEAN",1,0.604502686946148
"AARON SCHOCK",4,0.692210539924004
"ADAM H PUTNAM",5,0.696969018604449
"ADAM KINZINGER",6,0.689287884879144
"ADRIAN SMITH",9,0.761208485857203
"AL MCCANDLESS",4,0.626457535371632
"ALAN FINE",1,0.213401114717952
"ALAN NUNELEE",1,0.552614643096767
"ALAN NUNNELEE",2,0.641585979035206
"ALBERT H QUIC",1,0.682465170662674
"ALBERT LEE SMITH JR",1,0.505468608696577
"ALETA EDIN",1,0.280921069291219
"ALEX X MOONEY",2,0.505189536311278
"ALEXANDER X MOONEY",3,0.62265221616713
"ALFRED A ""AL"" MCCANDLESS",2,0.519801522702576
"ALLEN WEST",1,0.543636313753464
"AMO HOUGHTON",8,0.59271090502877
"AMORY HOUGHTON JR",1,0.56110511789512
"ANDER CRENSHAW",8,0.790869595193305
"ANDREA H SEASTRAND",1,0.492741904616091
"ANDREW CLYDE",1,0.785806891479464
"ANDREW R GARBARINO",2,0.475849400672965
"ANDREW S CLYDE",1,0.723537931175163
"ANDY BARR",5,0.584221317735602
"ANDY BIGGS",4,0.597850850210409
"ANDY HARRIS",7,0.618245540207
"ANDY IRELAND",4,0.766393759357856
"ANDY OGLES",1,0.558391142243814
"ANH ""JOSEPH"" CAO",1,0.495379922849197
"ANN WAGNER",6,0.567834496595973
"ANNA PAULINA LUNA",1,0.531369127438178
"ANNE M NORTHUP",5,0.533033201182369
"ANTHONY GONZALEZ",2,0.599612955374891
"ARLAN STANGELAND",7,0.516812006339823
"ARLEN ERDAHL",2,0.639822288220396
"ARTHUR ""ART"" MOORE",1,1
"ARTHUR RAVENEL JR",4,0.618367090106197
"ASA HUTCHINSON",3,0.788136596142911
"ASHLEY HINSON",2,0.517892655707368
"AUGUST PFLUGER",2,0.898542702717524
"AUSTIN SCOTT",7,0.790479111595202
"B MARK WALKER",1,0.565160360106907
"BARB DAVIS WHITE",1,0.220048520977732
"BARBARA COMSTOCK",1,0.526868174853718
"BARBARA CUBIN",7,0.566277576882084
"BARBARA F VUCANOVICH",6,0.595619901717197
"BARBARA J COMSTOCK",1,0.564864743618501
"BARBARA VUCANOVICH",1,0.554863394889957
"BARBER B CONABLE",1,0.693534305484404
"BARBER B CONABLE JR",3,0.682183570133249
"BARRY D LOUDERMILK",1,1
"BARRY GOLDWATER JR",2,0.730366350456623
"BARRY LOUDERMILK",4,0.630555679175041
"BARRY M GOLDWATER",1,0.663807705888675
"BARRY MOORE",2,0.671558252349957
"BEAU BOULTER",2,0.589698890767229
"BEN CLINE",2,0.644876376684227
"BEN GIBSON",1,0.667392963617742
"BEN L CLINE",1,0.596910906008664
"BEN QUAYLE",1,0.5223649619601
"BENJAMIN A GILMAN",13,0.608660786779827
"BERNIE OMANN",1,0.486358013867101
"BETH VAN DUYNE",2,0.542784563740543
"BIL MCCOLLUM",1,0.557612729430529
"BILL ARCHER",11,0.891012141511388
"BILL ARHER",1,1
"BILL BAKER",2,0.556307782275873
"BILL BARRETT",5,0.726519118451407
"BILL CASSIDY",2,0.725203728515211
"BILL CLINGER",4,0.614673620374463
"BILL DICKINSON",5,0.664434645187585
"BILL EMERSON",8,0.592668137013253
"BILL FLORES",5,0.647861116326059
"BILL FRENZEL",7,0.701594154315571
"BILL GOODLING",4,0.73825740090917
"BILL GREEN",6,0.52502548249458
"BILL HUIZENGA",7,0.602224234766736
"BILL JOHNSON",7,0.633907783131623
"BILL LOWERY",6,0.612698656600549
"BILL MCCOLLUM",9,0.800152995050989
"BILL PAXON",4,0.471243393777841
"BILL POSEY",8,0.615516405621461
"BILL SALI",1,0.499379240776984
"BILL SCHUETTE",3,0.579819810863748
"BILL SHUSTER",8,0.657950239276342
"BILLY BURKETTE",1,1
"BILLY LONG",6,0.655603460899395
"BLAINE LUETKEMEYER",8,0.658299172056649
"BLAKE D MOORE",1,0.669747015989791
"BLAKE DAVID MOORE",1,0.695157893506956
"BLAKE FARENTHOLD",3,0.606806204201017
"BOB BARR",4,0.550906391928652
"BOB BEAUPREZ",2,0.510138821054074
"BOB C WILSON",1,0.576539794246421
"BOB DAVIS",4,0.61909777971004
"BOB DUTTON",1,1
"BOB FRANKS",4,0.551914257006792
"BOB GIBBS",6,0.667552619337136
"BOB GOOD",1,0.57568796906982
"BOB GOODLATTE",13,0.775732785702981
"BOB INGLIS",6,0.648067457260882
"BOB LATTA",1,0.622561412045117
"BOB LEMEN",2,0.285152442867153
"BOB LIVINGSTON",6,1
"BOB MCEWAN",1,0.740040822766088
"BOB MCEWEN",5,0.65920780197305
"BOB RILEY",3,0.6512941024583
"BOB SCHAFFER",3,0.649914469491319
"BOB SMITH",1,0.603299695659138
"BOB STUMP",10,0.691586768948219
"BOB WHITTAKER",5,0.713208178759631
"BOB WILSON",1,0.581374004589013
"BOBBI FIEDLER",3,0.642723843715451
"BOBBY JINDAL",1,0.881048822639879
"BOBBY SCHILLING",1,0.525812225361743
"BRAD FINSTAD",1,0.538265435158676
"BRAD R WENSTRUP",4,0.666379101656849
"BRAD WENSTRUP",2,0.580942451026042
"BRADLEY BYRNE",3,0.758985721292548
"BRETT GUTHRIE",6,0.740321296009658
"BRIAN BABIN",5,0.760400318616468
"BRIAN D KERNS",1,0.648028998640689
"BRIAN FITZPATRICK",1,0.544257361784369
"BRIAN J DAVIS",1,0.329280986762936
"BRIAN J MAST",2,0.599124390497775
"BRIAN K FITZPATRICK",3,0.542281810893446
"BRIAN MAST",2,0.539500549676766
"BRIAN P BILBRAY",6,0.516586089055351
"BRUCE D ANDERSON",1,0.353179034476273
"BRUCE F CAPUTO",1,0.45321455342213
"BRUCE POLIQUIN",2,0.490258194556942
"BRUCE WESTERMAN",5,0.672113336268407
"BRYAN BARRILLEAUX",2,0.826282592297116
"BRYAN STEIL",3,0.559715097611907
"BUD SHUSTER",13,0.907205787336172
"BURGESS OWENS",2,0.543747532710807
"BYRON DONALDS",2,0.646409198601254
"C CHRISTOPHER COX",1,0.676371051305695
"C L ""BUTCH"" OTTER",3,0.643074059384114
"C SCOTT FRANKLIN",1,0.74667088844689
"C W BILL YOUNG",19,0.797625134795808
"CANDICE S MILLER",7,0.677002162009074
"CARL D PURSELL",8,0.607972700566031
"CARLOS A GIMENEZ",1,0.63678427658063
"CARLOS CURBELO",2,0.522071650724862
"CARLOS GIMENEZ",1,0.517243090213933
"CARLOS J MOORHEAD",10,0.655958390089436
"CAROL D MILLER",2,0.689872171574119
"CAROL MILLER",1,0.563734034345801
"CARROLL A CAMPBELL",2,0.636436625966215
"CARROLL A CAMPBELL JR",1,0.522505607372299
"CARROLL CAMPBELL",1,0.928680112330865
"CASS BALLENGER",9,0.664824160499186
"CATHY MCMORRIS",4,0.612557884660899
"CATHY MCMORRIS RODGERS",6,0.596328807938227
"CHALMERS P WYLIE",8,0.68126082109586
"CHARLES ""CHIP"" PASHAYAN",3,0.680536707047437
"CHARLES ""CHIP"" PASHAYAN JR",1,0.706022225987898
"CHARLES BASS",2,0.525755959077579
"CHARLES BOUSTANY JR",1,0.549607418041192
"CHARLES E GRASSLEY",2,0.656392387913493
"CHARLES E WIGGINS",1,0.585748942225958
"CHARLES F BASS",5,0.539269188286336
"CHARLES F DOUGHERTY",2,0.595420857655364
"CHARLES H TAYLOR",8,0.557232698359293
"CHARLES J ""CHUCK"" FLEISCHMANN",4,0.643732116739213
"CHARLES J “CHUCK” FLEISCHMANN",1,0.683776209778312
"CHARLES PASHAYAN JR",2,0.5425016247202
"CHARLES T CANADY",4,0.69664295123173
"CHARLES THONE",1,0.731809375436914
"CHARLES W ""CHIP"" PICKERING",5,0.758079912895294
"CHARLES W ""CHIP"" PICKERING JR",1,0.613588527936049
"CHARLES W BOUSTANY",1,0.618839045892581
"CHARLES W BOUSTANY JR",2,0.853490454017022
"CHARLES W DENT",7,0.627762365951972
"CHARLES W WHALEN JR",1,0.693872356817588
"CHARLIE NORWOOD",7,0.649880905844741
"CHESTER T KELLEY",1,0.69803831029552
"CHIP CRAVAACK",2,0.467825443878255
"CHIP ROY",3,0.550112528487446
"CHRIS CANNON",6,0.625174684149729
"CHRIS CHOCOLA",2,0.523116998579162
"CHRIS COLLINS",2,0.501308691063816
"CHRIS JACOBS",1,0.484208224191935
"CHRIS STEWART",6,0.599003880793543
"CHRISTOPHER COX",8,0.669879541760686
"CHRISTOPHER H SMITH",21,0.632922448152722
"CHRISTOPHER J LEE",1,0.386216902654593
"CHRISTOPHER JOHN LEE",1,0.682931778520312
"CHRISTOPHER P GIBSON",3,0.44639204261597
"CHRISTOPHER SHAYS",10,0.645019298059704
"CHUCK DOUGLAS",1,0.567513768164024
"CHUCK EDWARDS",1,0.537899182494011
"CHUCK FLEISCHMANN",2,0.60236922767229
"CLAIR W BURGENER",3,0.734076031597344
"CLARENCE E MILLER",8,0.698354190521892
"CLARENCE J BROWN",3,0.803225438883585
"CLAUDIA TENNEY",3,0.456323634479156
"CLAUDINE SCHNEIDER",5,0.644982135262669
"CLAY HIGGINS",2,0.728183521909959
"CLAY SHAW",1,0.545385512779722
"CLEVE BENEDICT",1,0.559498217638575
"CLIFF BENTZ",2,0.636837630186634
"CLIFF STEARNS",12,0.721911932570021
"CLINT DIDIER",2,1
"CLINT ROBERTS",1,0.583784883034414
"CLYDE BILLINGTON",1,0.339098057004612
"CLYDE C HOLLOWAY",5,0.89104503930803
"CLYDE C WOLLOWAY",1,1
"CONNIE MACK",7,0.714351433597732
"CONSTANCE A MORELLA",8,0.631900886537285
"COOPER EVANS",3,0.558455632483783
"CORY GARDNER",2,0.554503939747683
"CORY MILLS",1,0.585308579039976
"CRAIG DUEHRING",1,0.381002347516726
"CRAIG T JAMES",2,0.530344109364488
"CRAIG THOMAS",2,0.56454175952371
"CRESENT HARDY",1,0.485284559683746
"CRISTOPHER H SMITH",1,0.618074411856151
"CURT CLAWSON",1,0.645521163731817
"CURT SCHRIMPF",1,0.294626500676637
"CURT WELDON",10,0.658409284145688
"CYNTHIA M LUMMIS",4,0.635059135610059
"D FRENCH SLAUGHER JR",1,0.996450289505077
"D FRENCH SLAUGHTER JR",3,0.709434323375675
"DALE STRONG",1,0.67086008185873
"DAN BENISHEK",3,0.507395080046679
"DAN BISHOP",2,0.627514031943565
"DAN BURTON",15,0.69687387336812
"DAN COATS",3,0.653413804429847
"DAN CRENSHAW",3,0.581240701812286
"DAN FRISA",1,0.446463978849967
"DAN LUNGREN",5,0.658846382321681
"DAN MARRIOTT",4,0.588852432118472
"DAN MILLER",5,0.772056704278834
"DAN NEWHOUSE",3,0.65160299956026
"DAN QUAYLE",1,0.643613577691281
"DAN R COATS",1,0.605292877958274
"DAN SCHAEFER",7,0.678454016842644
"DAN STEVENS",1,0.34638610805443
"DANA ROHRABACHER",14,0.604392707392299
"DANA ROHRACHER",1,0.641219714522727
"DANIEL B CRANE",3,0.583088913234868
"DANIEL E LUNGREN",4,0.579702812522839
"DANIEL M DONOVAN JR",1,0.487076808174227
"DANIEL MATHIAS",1,0.24431785561644
"DANIEL MEUSER",2,0.645282396053444
"DANIEL NIELSEN MATHIAS",1,0.258889296903689
"DANIEL PHILIP MEUSER",1,0.663303478394552
"DANIEL R COATS",1,0.608458185333077
"DANIEL WEBSTER",7,0.613838789063052
"DARIN LAHOOD",4,0.690260842578881
"DARRELL E ISSA",8,0.615929825438989
"DARRELL ISSA",3,0.585815840343915
"DAVE BRAT",1,0.575100946031126
"DAVE CAMP",12,0.674890650010807
"DAVE DREIER",1,0.517921589191524
"DAVE HUGHES",1,0.478379021629859
"DAVE REICHERT",1,0.515003016353689
"DAVE STOCKMAN",3,0.684669832239736
"DAVE TROTT",1,0.558971970800595
"DAVE WELDON",6,0.596880145347387
"DAVID A BRAT",1,0.608281864467374
"DAVID A LEVY",1,0.377075917070264
"DAVID A TROTT",1,0.529323720381145
"DAVID B MCKINLEY",6,0.632160925101975
"DAVID C TREEN",2,0.866561872325561
"DAVID DAVIS",1,0.611107977301188
"DAVID DREIER",15,0.614688272144187
"DAVID E STURROCK",1,0.338414100561006
"DAVID F EMERY",3,0.624454660130998
"DAVID FUNDERBURK",1,0.560444070219134
"DAVID G REICHERT",6,0.565685663755578
"DAVID G VALADAO",5,0.54860154162094
"DAVID KUSTOFF",4,0.69716622361162
"DAVID L HOBSON",9,0.698989059516514
"DAVID M MCINTOSH",3,0.576417649082925
"DAVID O'B MARTIN",6,0.674539926798895
"DAVID P JOYCE",6,0.59492751724879
"DAVID P ROE",4,0.795219342489773
"DAVID RIVERA",1,0.52147290547742
"DAVID ROUZER",5,0.58752884581776
"DAVID SCHWEIKERT",7,0.568710835340509
"DAVID SMITH MONSON",1,0.493655077575038
"DAVID VITTER",2,0.88588572969863
"DAVID W JOLLY",1,0.752191648477475
"DAVID YOUNG",2,0.53102954572175
"DEAN A GALLO",5,0.657723441067496
"DEAN HELLER",3,0.55156688893569
"DEBBIE LESKO",3,0.705093025554731
"DEBORAH PRYCE",8,0.619580020936597
"DEL CLAWSON",1,0.550780866603158
"DELBERT L LATTA",5,0.641532791230202
"DELBERT LATTA",1,0.626176638510299
"DENNIS A ROSS",4,0.664714387439225
"DENNIS NEWINSKI",1,0.419427431989745
"DENNIS R NEWINKSI",1,0.397871080226573
"DENNIS R REHBERG",4,0.630105013819326
"DENNIS REHBERG",1,0.514999232682372
"DENNY REHBERG",1,0.604138857360112
"DENNY SMITH",5,0.530177220361028
"DENVER L RIGGLEMAN III",1,0.531763184809247
"DERRICK VAN ORDEN",1,0.51818685086279
"DEVIN G NUNES",1,0.527221545199862
"DEVIN NUNES",9,0.704999693555035
"DIANA HARSHBARGER",2,0.765141298763593
"DIANE BLACK",4,0.714655085273905
"DICK ARMEY",2,0.68683625014077
"DICK CHENEY",5,0.698640682108923
"DICK CHRYSLER",1,0.516107322537074
"DICK NICHOLS",1,0.592548242083979
"DICK ZIMMER",3,0.654205631470245
"DOC HASTINGS",9,0.632608185124171
"DON BACON",4,0.505066772238851
"DON H CLAUSEN",3,0.540397179546262
"DON RICHARDSON",2,0.744454403745991
"DON RITTER",6,0.583832954701416
"DON SHERWOOD",4,0.716803715996817
"DON SUNDQUIST",6,0.710954399347949
"DON YOUNG",21,0.5985137477489
"DONALD A MANZULLO",10,0.682406791063252
"DONALD E LUKENS",2,0.71959450481055
"DONALD E YOUNG",2,0.644039164850085
"DONALD J MITCHELL",3,0.755964241273657
"DONALD LAWRENCE RITTER",1,0.53187493450908
"DOROTHY LEGRAND",1,0.373437595579389
"DOUG ANDERSEN",1,0.218555488555439
"DOUG BEREUTER",12,0.701038794626466
"DOUG COLLINS",4,0.840911012932078
"DOUG LA MALFA",2,0.561345827279825
"DOUG LAMALFA",4,0.597876308633191
"DOUG LAMBORN",9,0.603367019768698
"DOUG OSE",3,0.570036731073439
"DOUGLAS K BEREUTER",1,0.581321481411897
"DREW FERGUSON",2,0.669364505949107
"DUNCAN D HUNTER",1,0.563670924254221
"DUNCAN HUNTER",18,0.672923650145863
"DUNCAN L HUNTER",1,0.532666439468356
"DUSTIN ""DUSTY"" JOHNSON",1,0.603467959972695
"DUSTY JOHNSON",2,0.791884984660252
"DVE WELDON",1,0.5371405494213
"E CLAY SHAW",1,0.66099201345103
"E CLAY SHAW JR",11,0.701302267249277
"E L ""BUDDY"" CARTER",1,0.609135401758332
"E SCOTT RIGELL",3,0.551886304564006
"E THOMAS COLEMAN",3,0.55468045497326
"EARL L ""BUDDY"" CARTER",3,0.718920827259593
"EARL L “BUDDY” CARTER",1,0.591472354289394
"ED BETHUNE",2,0.663890853753398
"ED BRYANT",4,0.736851790354174
"ED MATTHEWS",1,0.313070774449557
"ED WEBER",1,0.562146581372555
"ED WHITFIELD",11,0.625614379042421
"ED ZSCHAU",2,0.623116381934604
"EDWARD A PEASE",2,0.654109943688655
"EDWARD DERWINSKI",1,0.657878928398288
"EDWARD J DERWINSKI",2,0.674168836160473
"EDWARD L ""ED"" SCHROCK",1,0.519601335959942
"EDWARD L SCHROCK",1,0.831480383832882
"EDWARD MADIGAN",1,1
"EDWARD R MADIGAN",7,0.759387993256665
"EDWARD R ROYCE",13,0.636332210717407
"EDWARD W MUNSTER",1,0.492017123527546
"EDWIN B FORSYTHE",4,0.587333463012138
"EDWIN R BETHUNE JR",1,0.512340592505395
"ELDON RUDD",5,0.680123358413876
"ELFORD A CEDERBERG",1,0.564866973699235
"ELI CRANE",1,0.53856262909869
"ELISE M STEFANIK",5,0.500588379830653
"ELTON GALLEGLY",13,0.613950498270733
"ELWOOD H ""BUD"" HILLIS",1,0.61068167474393
"ELWOOD H HILLIS",3,0.657452142547498
"ELWOOD HILLIS",1,0.617443604642696
"ENID G WALDHOTZ",1,0.458273709033416
"ERIC A ""RICK"" CRAWFORD",4,0.739404377878374
"ERIC A “RICK” CRAWFORD",1,0.737978231240282
"ERIC BURLISON",1,0.708847495703461
"ERIC CANTOR",6,0.648522814817821
"ERIC I CANTOR",1,0.669183823044138
"ERIK PAULSEN",6,0.547340036884404
"ERIN HOUCHIN",1,0.635513769775742
"ERNEST J ISTOOK",1,0.66055522809895
"ERNEST J ISTOOK JR",6,0.666844447555283
"ERNEST L KONNYU",1,0.594793710537149
"ERNIE FLETCHER",3,0.592854879190058
"EUGENE A CHAPPIE",1,0.537004208009652
"EUGENE JOHNSTON",1,0.510551287269767
"EVAN H JENKINS",1,0.678819477938765
"EVAN JENKINS",1,0.553507453650615
"F JAMES SENSENBRENNER",4,0.678645543336228
"F JAMES SENSENBRENNER JR",17,0.78386459533443
"FELIX J GRUCCI JR",1,0.412377683168758
"FLOYD D SPENCE",6,0.569939237611369
"FLOYD SPENCE",7,0.766488061344429
"FRANCIS ROONEY",2,0.640698213738944
"FRANCISCO ""QUICO"" CANSECO",1,0.493968350337218
"FRANK A CREMANS",1,0.509496214912575
"FRANK A LOBIONDO",12,0.629994399522271
"FRANK C GUINTA",2,0.52872331995272
"FRANK D LUCAS",15,0.726952430092712
"FRANK HORTON",7,0.640540344626691
"FRANK J HORTON",1,0.658525671710129
"FRANK R WOLF",17,0.652678746215208
"FRANK RIGGS",3,0.487408339171002
"FRANK TAYLOR",2,0.251975619321772
"FRED GRANDY",4,0.71602847197504
"FRED HEINEMAN",1,0.503936344609962
"FRED J ECKERT",1,0.495675820459157
"FRED UPTON",16,0.621258175747162
"FREDERICK B KELLER",1,0.708438897934951
"FREDERICK S UPTON",2,0.643063641464696
"FRENCH HILL",2,0.519936550816782
"G WILIAM WHITEHURST",1,0.898373458385644
"G WILLIAM WHITEHURST",4,0.913369527448048
"GARLAND ""ANDY"" BARR",1,0.505683168316832
"GARRET GRAVES",4,0.750782220229693
"GARRY BROWN",1,0.505872816810938
"GARY A FRANKS",3,0.491891554672823
"GARY A LEE",2,0.62062093378796
"GARY A MYERS",1,0.567880803774474
"GARY B REVIER",1,0.449898764701868
"GARY G MILLER",7,0.672065493069315
"GARY J PALMER",3,0.851179345625088
"GARY KING",1,0.751833614544954
"GARY PALMER",2,0.726797610118483
"GENE CHAPPIE",2,0.636805366570626
"GENE FONTENOT",2,2.55039681767234
"GENE SNYDER",4,0.576738314862115
"GENE TAYLOR",6,0.630136144603093
"GEOFF DAVIS",4,0.596502095725673
"GEORGE A D SANTOS",1,0.478457458215976
"GEORGE C WORTLEY",3,0.534099747853903
"GEORGE HANSEN",4,0.547420144359921
"GEORGE HOLDING",4,0.555213551504774
"GEORGE J KELLY JR",2,0.554600452485792
"GEORGE M O'BRIEN",5,0.626525247866424
"GEORGE P RADANOVICH",3,0.675814620699744
"GEORGE R NETHERCUTT JR",5,0.566893646973257
"GEORGE RADANOVICH",5,0.714530804874829
"GEORGE W GEKAS",10,0.816843118795167
"GERALD B H SOLOMON",7,0.526406592294312
"GERALD B SOLOMON",3,0.648236977771331
"GIL GUTKNECHT",7,0.553113855117676
"GINNY BROWN-WAITE",4,0.58710253959572
"GLEN MENZE",2,0.284685697967877
"GLENN GROTHMAN",5,0.647108531145459
"GLENN THOMPSON",5,0.664627613798494
"GLENN W THOMPSON",1,0.567199290968973
"GLENN W THOMPSON JR",1,0.73458443495942
"GLENN WILLIAM THOMPSON JR",1,0.678423628331664
"GREG GANSKE",4,0.577724154351534
"GREG GIANFORTE",1,0.508822987147641
"GREG PARKE",1,0.243505088391124
"GREG PENCE",3,0.666653004020158
"GREG RYAN",1,0.297452330089406
"GREG STEUBE",1,0.62258791704238
"GREG WALDEN",11,0.687145978796817
"GREGG HARPER",5,0.691290800370719
"GREGG IMUS",1,1
"GREGORY F MURPHY",2,0.651434595698545
"GUS M BILIRAKIS",7,0.71276542338543
"GUS MICHAEL BILIRAKIS",2,0.570030427191975
"GUY A VANDER JAGT",1,0.699624703744856
"GUY L RESCHENTHALER",1,0.579053462210781
"GUY RESCHENTHALER",2,0.823472963170166
"GUY V MOLINARI",5,0.502562233467844
"GUY VANDER JAGT",7,0.701215665555939
"H JAMES SAXTON",3,0.651825784317165
"H JOEL DECKARD",1,0.51993135971642
"H L ""SONNY"" CALLAHAN",3,0.70085990819915
"H MORGAN GRIFFITH",7,0.693728530694711
"HAL DAUB",4,0.582785972130913
"HAMILTON FISH JR",9,0.639047600455984
"HANK BROWN",5,0.70435147814469
"HAROLD ""HAL"" ROGERS",5,0.731514099821293
"HAROLD C HOLLENBECK",3,0.537121323895473
"HAROLD ROGERS",17,0.849173979841222
"HAROLD S SAWYER",4,0.522492397943566
"HARRIET HAGEMAN",1,0.667040030676394
"HARRIS W FAREWELL",1,0.733923792444952
"HARRIS W FAWELL",6,0.673942613510885
"HAYDEN KEENER III",1,0.685742095387178
"HEATHER WILSON",5,0.517447506075513
"HELEN CHENOWETH",3,0.535607315267102
"HELEN DELICH BENTLEY",5,0.64188826171723
"HENRY BONILLA",7,0.610577821648188
"HENRY BROWN",1,0.60315149106055
"HENRY E BROWN",1,0.878195828701698
"HENRY E BROWN JR",3,0.67120349760283
"HENRY J HYDE",14,0.673496881488915
"HENRYJ HYDE",1,0.60596953876394
"HERBERT H ""HERB"" BATEMAN",2,0.57556167169145
"HERBERT H BATEMAN",7,0.693305746900092
"HOWARD C NIELSON",4,0.711800179953239
"HOWARD COBLE",15,0.727360941603071
"HOWARD P ""BUCK"" MCKEON",11,0.6180142462424
"IAN MAITLAND",2,0.309310429104299
"ILEANA ROS-LEHTINEN",14,0.760658642178249
"J ALEX MCMILLAN",5,0.593326826366503
"J C WATTS JR",4,0.589301675865646
"J D HAYWORTH",6,0.562135811514577
"J DANFORTH QUAYLE",1,0.543749968463491
"J DENNIS HASTERT",11,0.679532879982242
"J FRENCH HILL",3,0.579180635090857
"J GRESHAM BARRETT",4,0.735506371685335
"J HERBERT BURKE",1,0.53882939179007
"J KENNETH ROBINSON",4,0.763674395127191
"J RANDY FORBES",7,0.682033849377529
"J WILLIAM STANTON",3,0.697075282959088
"JACK BERGMAN",4,0.582105428209814
"JACK BUECHNER",2,0.591234668835143
"JACK DAVIS",1,0.515960655517946
"JACK EDWARDS",4,0.705628759787441
"JACK F KEMP",5,0.654553352338579
"JACK FIELDS",7,0.740690748732937
"JACK KEMP",1,0.832684047547698
"JACK KINGSTON",11,0.73955328895357
"JACK METCALF",3,0.527899785802005
"JACK QUINN",5,0.486404492664123
"JACK SWIGERT",1,0.621631303735733
"JACKIE WALORSKI",5,0.567067164748896
"JACL FIELDS",1,0.920454545454545
"JAIME HERRERA",1,0.529718879678838
"JAIME HERRERA BEUTLER",5,0.585414473642547
"JAKE ELLZEY",1,1
"JAKE LATURNER",2,0.563926275090634
"JAMES A COURTER",1,0.518419411303141
"JAMES A LEACH",7,0.586600824473111
"JAMES A S LEACH",1,0.519374633056192
"JAMES ABDNOR",2,0.629522787987219
"JAMES B LONGLEY JR",1,0.518767434514726
"JAMES B RENACCI",3,0.603713486292253
"JAMES C CLEVELAND",2,0.643311436349314
"JAMES C GREENWOOD",6,0.603629382513709
"JAMES COMER",2,0.749483259398558
"JAMES E JEFFRIES",1,0.520285404993226
"JAMES E ROGAN",2,0.504582804681164
"JAMES G MARTIN",4,0.593587814233058
"JAMES H ""JIMMY"" QUILLEN",8,0.776615383694834
"JAMES H QUILLEN",1,0.862150877726975
"JAMES K COYNE",1,0.506912329638601
"JAMES L NELLIGAN",1,0.519182138816796
"JAMES LANKFORD",2,0.606112430482127
"JAMES M COLLINS",2,0.870210403045637
"JAMES M INHOFE",4,0.540422545831458
"JAMES M JEFFORDS",4,0.742869336103559
"JAMES M TALENT",4,0.622568380244972
"JAMES MERRILL JEFFORDS",1,0.792379954493392
"JAMES P ""JIM"" JOHNSON",2,0.576165736814582
"JAMES QUILLEN",1,0.645073893349949
"JAMES R BAIRD",2,0.674204076618136
"JAMES R COMER",2,0.70574676956686
"JAMES T ""JIM"" BROYHILL",3,0.752880802405243
"JAMES T BROYHILL",2,0.848538629359005
"JAMES T WALSH",9,0.496949559847957
"JAMES V HANSEN",11,0.62217908273849
"JAN MEYERS",6,0.671727813137027
"JASON CHAFFETZ",5,0.720417345566789
"JASON LEWIS",2,0.470506117914853
"JASON SMITH",4,0.751588840627182
"JASON T SMITH",1,0.66650756167412
"JAY DICKEY",4,0.562919479500393
"JAY KIM",3,0.600879376073954
"JAY OBERNOLTE",2,0.585425179035711
"JEAN SCHMIDT",3,0.512446750478127
"JEB BRADLEY",2,0.607260613860693
"JEB HENSARLING",8,0.711152901513424
"JEFF DENHAM",3,0.563200104885397
"JEFF DENHEM",1,0.561489200906885
"JEFF DUNCAN",7,0.72807318965981
"JEFF FLAKE",6,0.670955330594258
"JEFF FORTENBERRY",9,0.645174962187352
"JEFF MILLER",7,0.728000716765488
"JEFFERSON VAN DREW",2,0.553977881058823
"JEN A KIGGANS",1,0.516262845290846
"JENNIFER DUNN",6,0.639372255588421
"JENNIFER ZIELINSKI",1,0.216799958061266
"JERRY CARL",1,0.643698245080909
"JERRY L CARL",1,0.836110615521856
"JERRY LEWIS",17,0.69423865237802
"JERRY MORAN",7,0.836839943625778
"JERRY SHUSTER",3,0.263271468824096
"JERRY WELLER",7,0.579508171503522
"JIM BAIRD",1,0.640600254539353
"JIM BANKS",4,0.669911930899455
"JIM BRIDENSTINE",3,0.878229213399133
"JIM BUNN",1,0.498197983712071
"JIM BUNNING",6,0.671355518076838
"JIM COLLINS",1,0.792881693395438
"JIM COURTER",5,0.672254489020902
"JIM DEMINT",3,0.68746602508198
"JIM DUNN",1,0.506182162255602
"JIM GERLACH",6,0.532304181202821
"JIM GIBBONS",5,0.690572875799625
"JIM HAGEDORN",3,0.48130162883077
"JIM JEFFORDS",1,0.692272250547132
"JIM JEFFRIES",1,0.538709884955286
"JIM JORDAN",9,0.658849560140709
"JIM KOLBE",11,0.624330727699401
"JIM LEACH",7,0.686323884036848
"JIM LIGHTFOOT",4,0.596569682172696
"JIM MCCRERY",9,0.894611879901055
"JIM NUSSLE",8,0.540307284269794
"JIM RAMSTAD",8,0.689046107674012
"JIM RENACCI",1,0.520821125026688
"JIM ROSS LIGHTFOOT",2,0.549949322536831
"JIM RYAN",1,0.609537877426312
"JIM RYUN",4,0.590420177375078
"JIM SAXTON",9,0.615694062483564
"JO ANN DAVIS",3,0.791395873558775
"JO ANN EMERSON",7,0.705509248266286
"JO ANN S DAVIS",1,0.575421840662474
"JO ANNA EMERSON",1,0.626161994667435
"JO BONNER",6,0.784059314084414
"JODEY ARRINGTON",2,0.809389047880886
"JODEY C ARRINGTON",2,0.775403990313769
"JODY B HICE",3,0.761282323049705
"JODY HICE",1,0.628919682230333
"JOE BARON",1,0.558008545901852
"JOE BARTON",16,0.674171026907396
"JOE KNOLLENBERG",8,0.593413588868895
"JOE SCARBOROUGH",4,0.832907538763944
"JOE SCHWARZ",1,0.583648828744008
"JOE SKEEN",8,0.693150624943669
"JOE SKUBITZ",1,0.606632525951557
"JOE WALSH",1,0.484674092918715
"JOE WILSON",11,0.645299565592572
"JOEL DECKARD",1,0.551636686160925
"JOEL HEFLEY",10,0.749715077847968
"JOEL PRITCHARD",4,0.704281807893619
"JOHN A BOEHNER",13,0.731239432811065
"JOHN ABNEY",1,0.559009947273265
"JOHN ABNEY CULBERSON",7,0.677405943095362
"JOHN B ANDERSON",2,0.666723022184638
"JOHN B SHADEGG",8,0.645472890073836
"JOHN BOOZMAN",4,0.747427326552179
"JOHN CAMPBELL",4,0.584773912990431
"JOHN CARROLL",1,0.465942142076813
"JOHN CARTER",1,0.505861744642614
"JOHN COOKSEY",3,0.757845865033537
"JOHN CULBERSON",1,0.739007132139682
"JOHN CURTIS",1,0.675490037008707
"JOHN DUARTE",1,0.502111473838689
"JOHN E ENSIGN",2,0.492903290342113
"JOHN E GROTBERG",1,0.621597527635802
"JOHN E PETERSON",6,0.776596578670114
"JOHN E PORTER",2,0.738701067823956
"JOHN E SUNUNU",3,0.566036985318571
"JOHN E SWEENEY",3,0.536767748224501
"JOHN E SWEENY",1,0.409306445972724
"JOHN EDWARD PORTER",8,0.710751508323751
"JOHN ERLENBORN",1,0.744230476609126
"JOHN FLEMING",4,0.647856583548426
"JOHN G ROWLAND",3,0.629462996985971
"JOHN H BUCHANAN JR",2,0.59192794250919
"JOHN H ROUSSELOT",3,0.788437703528419
"JOHN H RUTHERFORD",3,0.754184296425988
"JOHN HILER",3,0.521675607499487
"JOHN J DUNCAN",8,0.802436353200386
"JOHN J DUNCAN JR",13,0.768252083873041
"JOHN J FASO",1,0.416135926610898
"JOHN J RHODES",3,0.672048390888522
"JOHN J RHODES III",3,0.809949171310258
"JOHN JAMES",1,0.487994923935666
"JOHN JOYCE",3,0.813265793353192
"JOHN KATKO",1,0.476589026373605
"JOHN KLINE",9,0.545047409847263
"JOHN KYL",1,0.592011088137057
"JOHN L MICA",12,0.692551425825029
"JOHN L NAPIER",1,0.517779852908098
"JOHN LINDER",9,0.726549720028467
"JOHN M ASHBROOK",3,0.656941366590101
"JOHN M KATKO",2,0.452256323900362
"JOHN M MCHUGH",9,0.536605434662902
"JOHN M SHIMKUS",1,0.70926575068073
"JOHN MCCAIN",2,0.719882413013974
"JOHN MILLER",4,0.537694028049625
"JOHN MOOLENAAR",2,0.595593172123757
"JOHN N ERLENBORN",3,0.738797948719901
"JOHN N HOSTETTLER",6,0.519720073491017
"JOHN P HILER",1,0.511505611632668
"JOHN PATRICK HILER",1,0.54980222941388
"JOHN PAUL HAMMERSCHIMDT",1,1
"JOHN PAUL HAMMERSCHMIDT",7,0.813440164780021
"JOHN R CARTER",10,0.672248019311925
"JOHN R CURTIS",2,0.665627471109609
"JOHN R KASICH",9,0.68258019883155
"JOHN R MCKERNAN JR",2,0.56934345630773
"JOHN R MOOLENAAR",3,0.634365161145473
"JOHN R THUNE",3,0.687229670088195
"JOHN RANDY KUHL",1,0.447227758355932
"JOHN RATCLIFFE",3,0.878943240661093
"JOHN ROSE",1,0.694741497145614
"JOHN RUTHERFORD",1,0.701820037006117
"JOHN SCHIESS",1,0.592792120110397
"JOHN SHIMKUS",11,0.671570618382421
"JOHN SULLIVAN",5,0.644841622007482
"JOHN T DOOLITTLE",9,0.587027479834146
"JOHN T MYERS",10,0.625356760130133
"JOHN W ""JOCK"" SCOTT",1,0.75387827285062
"JOHN W ROSE",2,0.700061142051615
"JOHN W WYDLER",2,0.503492344854353
"JOHNNIE R CREAN",1,0.679117608002833
"JOHNNY ISAKSON",2,0.77313019290509
"JON C HENSON",1,0.389671493456851
"JON C PORTER",2,0.52267491092087
"JON CHRISTENSEN",2,0.534252893383267
"JON CLIFTON HINSON",1,0.516339720885175
"JON D FOX",2,0.491614942380537
"JON KYL",2,0.758589585041333
"JON L KYL",1,0.6134069659831
"JON PORTER",1,0.54457938090347
"JON RUNYAN",2,0.518715508681636
"JOSEPH A MARTINO",1,0.450355238957717
"JOSEPH J DIOGUARDI",1,0.466659951651894
"JOSEPH J HECK",2,0.555565321549661
"JOSEPH JOHN HECK",1,0.481256112948625
"JOSEPH M MCDADE",10,0.749300671546252
"JOSEPH MICHAEL MCDADE",1,0.746630490207805
"JOSEPH R PITTS",10,0.64000534184627
"JOSEPH R SKEEN",3,0.569100375853163
"JOSH BRECHEEN",1,0.724485479470976
"JUAN CISCOMANI",1,0.507327868805524
"JUDD GREGG",4,0.713397559736668
"JUDY BIGGERT",7,0.625960198702066
"JULIA LETLOW",1,0.756066794004106
"JUSTIN AMASH",5,0.56814564673155
"K MICHAEL CONAWAY",6,0.879307390348435
"KAREN ANN KERIN",1,0.183427087229943
"KAT CAMMACK",2,0.598275079260576
"KATHERINE HARRIS",2,0.550426560807242
"KAY GRANGER",14,0.683459716318346
"KEITH G SEBELIUS",2,0.865327151746658
"KEITH J ROTHFUS",3,0.575915988717679
"KEITH SELF",1,0.605479694458371
"KELLY ARMSTRONG",3,0.637878608229734
"KEN BUCK",5,0.619774199573772
"KEN CALVERT",16,0.580447082082831
"KEN KRAMER",4,0.675803832186298
"KENNY C HULSHOF",6,0.608530768815457
"KENNY E MARCHANT",1,0.506104366444207
"KENNY MARCHANT",7,0.633723841050207
"KERRY BENTIVOLIO",1,0.507590628219769
"KEVIN BRADY",12,0.815958425772822
"KEVIN CRAMER",3,0.598531573700278
"KEVIN HERN",3,0.61386184908051
"KEVIN KILEY",1,0.536482958258303
"KEVIN MCCARTHY",9,0.755339626440487
"KEVIN YODER",4,0.595444863036266
"KRISTI L NOEM",3,0.626940490391308
"KRISTI NOEM",1,0.481185000594817
"L A ""SKIP"" BAFALIS",3,0.817562183201692
"L WILLIAM PAXON",1,0.470785125653667
"LAMAR S SMITH",9,0.75014141216071
"LAMAR SMITH",7,0.702932534245401
"LANCE GOODEN",3,0.627694155568558
"LARKIN SMITH",1,0.549805453876928
"LARRY BUCSHON",5,0.620090053991892
"LARRY COMBEST",10,0.812501546817539
"LARRY CRAIG",3,0.586785695443001
"LARRY D BUCHSON",1,0.575464753342102
"LARRY D BUCSHON",1,0.644297170178189
"LARRY E CRAIG",2,0.654527114496449
"LARRY J HOPKINS",7,0.694282354901943
"LARRY PRESSLER",1,0.797804490754714
"LARRY WINN JR",4,0.708446690437722
"LAUREL LEE",1,0.585433010554154
"LAUREN BOEBERT",2,0.507258309807967
"LAWRENCE COUGHLIN",7,0.627379615516332
"LAWRENCE J DENARDIS",1,0.523250822721419
"LEE M ZELDIN",3,0.45492200215426
"LEE TERRY",8,0.592406865493923
"LEONARD LANCE",5,0.560183643836084
"LINCOLN DIAZ-BALART",9,0.849883792755466
"LINDA RUNBECK",1,0.308916552153523
"LINDA SMITH",2,0.510951373248761
"LINDSEY O GRAHAM",4,0.719507462077852
"LISA MCCLAIN",2,0.650904834397383
"LIZ CHENEY",3,0.635413659962905
"LLOYD K SMUCKER",3,0.586182516618394
"LLOYD SMUCKER",1,0.61545138340919
"LORI CHAVEZ-DEREMER",1,0.509100796337474
"LOU BARLETTA",3,0.628397380777368
"LOUIE GOHMERT",9,0.749350095576142
"LOUIS FREY JR",1,0.780841096332992
"LOUIS J BARLETTA",1,0.54700557289464
"LUKE MESSER",3,0.647047871908401
"LYLE WILLIAMS",3,0.546027326819
"LYNN A WESTMORELAND",4,0.837931586711951
"LYNN JENKINKS",1,0.631309624954485
"LYNN JENKINS",4,0.56402000441598
"LYNN MARTIN",4,0.617435837958118
"LYNN MORLEY MARTIN",1,0.668603355169017
"LYNN WESTMORELAND",2,0.715999708261237
"M CALDWELL BUTLER",3,0.870756217734904
"M GENE SNYDER",1,0.65840570949851
"MAC COLLINS",5,0.736838736090656
"MAC SWEENEY",2,0.518146769983965
"MAC THORNBERRY",10,0.825072705672957
"MADISON CAWTHORN",1,0.545048817603217
"MANUEL LUJAN JR",6,0.623151135901854
"MARC L MARKS",2,0.596961093005849
"MARC LINCOLN MARKS",1,0.496617112085016
"MARCUS MOLINARO",1,0.444190760039238
"MARGARET HECKLER",1,0.611414915217691
"MARGARET M HECKLER",2,0.802821879038317
"MARGE ROUKEMA",11,0.684268672024385
"MARIA ELVIRA SALAZAR",2,0.543249769583684
"MARIANNETTE MILLER-MEEKS",2,0.50092729936894
"MARILYN N MUSGRAVE",3,0.505327974555507
"MARIO DIAZ-BALART",10,0.745500388023227
"MARJORIE S HOLT",5,0.638023586724413
"MARJORIE TAYLOR GREENE",2,0.702873874179638
"MARK ADAM FOLEY",1,0.580664386769026
"MARK ALFORD",1,0.713073204771855
"MARK ANDREWS",2,0.647458746574698
"MARK CANDON",1,0.328819846327621
"MARK D SILJANDER",2,0.633066042678513
"MARK E AMODEI",6,0.593494894195029
"MARK E GREEN",3,0.655809770644021
"MARK E SOUDER",8,0.601330482553636
"MARK FOLEY",5,0.742295971122164
"MARK GREEN",4,0.679771481582493
"MARK GROETTUM",1,0.321536279933691
"MARK HARRIS",1,0.492527863552599
"MARK KENNEDY",1,0.480986500519211
"MARK MEADOWS",4,0.609044522987376
"MARK R KENNEDY",2,0.556661639127297
"MARK SANFORD",2,0.759835345549366
"MARK STEVEN KIRK",5,0.580155534235114
"MARK W NEUMANN",2,0.501395900139086
"MARK WALKER",2,0.589513905176149
"MARKWAYNE MULLIN",5,0.676069427367304
"MARLIN A STUTZMAN",3,0.65197786934839
"MARSHA BLACKBURN",8,0.738700966295373
"MARSHALL ""MARK"" SANFORD",3,0.84600807396651
"MARTHA MCSALLY",2,0.534857427602224
"MARTHA ROBY",5,0.584142506285716
"MARTIN R HOKE",2,0.543227637762111
"MARY BONO",5,0.62341750033059
"MARY BONO MACK",2,0.548881261314372
"MARY E MILLER",1,0.711439097136635
"MARY FALLIN",2,0.631345169291565
"MARY MILLER",1,0.734460549435393
"MATT GAETZ",4,0.671570664774546
"MATT ROSENDALE",1,0.563863549838822
"MATT SALMON",5,0.635219870085897
"MATTHEW J RINALDO",8,0.72759579674016
"MATTHEW M ROSENDALE, SR",1,0.565576430876516
"MAX BURNS",1,0.551911556242565
"MAX MILLER",1,0.553415488202179
"MCKEY EDWARDS",1,0.706187106407843
"MEL HANCOCK",4,0.560441066106079
"MELISSA A HART",2,0.638158968583405
"MELISSA HART",1,0.590092741035371
"MERRILL COOK",2,0.538756155816392
"MIA B LOVE",2,0.523372822359741
"MICHAEL A ""MAC"" COLLINS",1,0.547596195375711
"MICHAEL BILIRAKIS",12,0.782787816452439
"MICHAEL C BURGESS",11,0.667789490056084
"MICHAEL CLOUD",3,0.626071707541245
"MICHAEL CUMMINS",1,0.321511738560921
"MICHAEL D CRAPO",3,0.681750313797244
"MICHAEL DEWINE",3,0.68937964949551
"MICHAEL G FITZPATRICK",4,0.568350819934108
"MICHAEL G GRIMM",2,0.429468173262494
"MICHAEL G OXLEY",11,0.72233609095089
"MICHAEL GUEST",3,0.659024530337866
"MICHAEL HUFFINGTON",1,0.525123436537215
"MICHAEL K SIMPSON",11,0.662195861758314
"MICHAEL L ""MIKE"" STRANG",1,0.570622493882981
"MICHAEL N CASTLE",9,0.654578709072981
"MICHAEL OXLEY",1,0.67519847856544
"MICHAEL P FORBES",1,0.4314272351881
"MICHAEL PATRICK FLANAGAN",1,0.544304986523885
"MICHAEL R TURNER",10,0.619857851958869
"MICHAEL T MCCAUL",10,0.599337654514788
"MICHAEL WALTZ",3,0.640841118341497
"MICHELE BACHMANN",4,0.49859504085296
"MICHELLE FISCHBACH",2,0.60168929334115
"MICHELLE STEEL",2,0.517366098308447
"MICK MULVANEY",4,0.571759754031003
"MICK STATON",1,0.526739918580108
"MICKEY EDWARDS",7,0.689728131308788
"MIKE BISHOP",2,0.553158020584047
"MIKE BOST",5,0.587546356718823
"MIKE CAREY",1,0.569597732944346
"MIKE COFFMAN",5,0.553927847027854
"MIKE COLLINS",1,0.645330429411956
"MIKE CONAWAY",2,0.784468793769822
"MIKE DEWINE",1,1
"MIKE EZELL",1,0.733469912428698
"MIKE FERGUSON",4,0.539609196066071
"MIKE FLOOD",1,0.579105146416329
"MIKE GALLAGHER",4,0.656817852474001
"MIKE GARCIA",2,0.516442770949765
"MIKE JOHNSON",1,1
"MIKE KELLY",5,0.661063148879676
"MIKE PAPPAS",1,0.504459161803871
"MIKE PARKER",1,0.61223000822158
"MIKE PENCE",6,0.620492603785435
"MIKE POMPEO",4,0.62085609998377
"MIKE ROGERS",18,0.608906625639404
"MIKE SIMPSON",2,0.565896721655907
"MIKE SODREL",1,0.494581058050155
"MIKE TURNER",1,0.559245508046826
"MILLICENT FENWICK",1,0.775046075738081
"MILLICENT H FENWICK",1,0.725539622750221
"MILLICENT II FENWICK",1,0.668602563729343
"MIMI WALTERS",2,0.618402495589684
"MO BROOKS",6,0.701311611493138
"MONICA DE LA CRUZ",1,0.533139332012193
"MORGAN LUTTRELL",1,0.680661249599943
"NANCY JOHNSON",1,0.542486655781222
"NANCY L JOHNSON",11,0.622002235816685
"NANCY MACE",2,0.534846504243288
"NATHAN DEAL",7,0.847006523775398
"NATHANIEL MORAN",1,0.780799618174225
"NEAL DUNN",2,0.673823706228536
"NEAL P DUNN",2,0.788332605754116
"NEWT GINGRICH",10,0.602638591885687
"NEWTON I STEERS JR",1,0.468222442899702
"NEWTON LEROY GINGRICH",1,0.54400277328403
"NICHOLAS J LALOTA",1,0.471013783740812
"NICK LANGWORTHY",1,0.532460490124981
"NICK SMITH",6,0.643425883636328
"NICOLE MALLIOTAKIS",2,0.520532637098439
"NORM SHUMWAY",2,0.724607993616668
"NORMAN D SHUMWAY",4,0.600386871852873
"NORMAN F LENT",8,0.546677949929544
"OLYMPIA J SNOWE",8,0.644185105614308
"PAT FALLON",2,0.709262418425613
"PAT ROBERTS",8,0.739368683206068
"PAT SWINDALL",2,0.531639339196388
"PAT TIBERI",1,0.528661356336328
"PAT TOOMEY",1,0.549776068215136
"PATRICE BATAGLIA",1,0.332389953955102
"PATRICIA SAIKI",2,0.569562342899128
"PATRICK J TIBERI",8,0.615437757250127
"PATRICK J TOOMEY",2,0.553047529731785
"PATRICK MCHENRY",2,0.617213578897324
"PATRICK MEEHAN",4,0.589618531446665
"PATRICK T MCHENRY",8,0.641458981395381
"PAUL A GOSAR",4,0.69496889310626
"PAUL B HENRY",5,0.684755328535726
"PAUL C BROUN",3,0.760285083354602
"PAUL COOK",3,0.766349574847011
"PAUL D RYAN",1,0.64947141102909
"PAUL E GILLMOR",9,0.699909753762643
"PAUL E GILMOR",1,0.611647514076211
"PAUL FINDLEY",3,0.630711743274242
"PAUL GOSAR",3,0.718854011519251
"PAUL MITCHELL",2,0.617058204039017
"PAUL N ""PETE"" MCCLOSKEY JR",2,0.692230766121002
"PAUL N MCCLOSKEY JR",1,0.730749289439985
"PAUL RYAN",9,0.632678013651433
"PAUL S TRIBLE JR",3,0.703588688398105
"PETE OLSON",6,0.602304237518281
"PETE SESSIONS",13,0.595955981707578
"PETE STAUBER",3,0.548845541064157
"PETER BLUTE",2,0.525021328068465
"PETER G TORKILDSEN",2,0.526695940667159
"PETER HOEKSTRA",9,0.672569852907988
"PETER J ROSKAM",6,0.596911327714469
"PETER MEIJER",1,0.529595780069853
"PETER SMITH",2,0.403613235358519
"PETER T KING",13,0.487214907194537
"PHIL ENGLISH",7,0.593856115613925
"PHIL GINGREY",6,0.694738314396833
"PHIL HERWIG",1,0.342168550741412
"PHIL ROE",2,0.744429876096151
"PHILIP E RUPPE",1,0.547502475646547
"PHILIP M CRANE",14,0.696747349279398
"PORTER J GOSS",8,0.889944874709141
"R BLAKE FARENTHOLD",1,0.478508603129605
"R LAWRENCE COUGHLIN",1,0.705051857226858
"R W ""RICK"" ALLEN",1,0.547531981728152
"RALPH ABRAHAM",1,0.665419342162843
"RALPH M HALL",5,0.695285438251308
"RALPH NORMAN",2,0.620410199194248
"RALPH REGULA",14,0.689815406314724
"RALPH S REGULA",2,0.724286067957145
"RALPH W NORMAN",1,0.570269411334023
"RANDALL M ""RANDY"" HULTGREN",1,0.513070000410935
"RANDY ""DUKE"" CUNNINGHAM",8,0.60316469315775
"RANDY FEENSTRA",2,0.623738569917159
"RANDY HULTGREN",3,0.611788446595157
"RANDY K WEBER SR",3,0.617827115611228
"RANDY K WEBER, SR",1,0.701589029270604
"RANDY NEUGEBAUER",6,0.730880764100465
"RANDY TATE",1,0.517906097788188
"RANDY WEBER",2,0.563586338123891
"RAUL R LABRADOR",4,0.617887253030564
"RAY LAHOOD",7,0.748587183362932
"RAY PLOETZ",1,0.34438975428031
"RAYMOND C GILBERTSON",2,0.26045857188658
"RAYMOND J MCGRATH",6,0.525366447566084
"REID J RIBBLE",3,0.58573412223457
"RENEE ELLMERS",1,0.494672610578899
"RENEE L ELLMERS",2,0.573624759419758
"RIC KELLER",4,0.573109406308859
"RICH MCCORMICK",1,0.622217276494896
"RICHARD ""DICK"" ARMEY",1,0.512521550503047
"RICHARD ""DOC"" HASTINGS",1,0.53341454725156
"RICHARD B ""RICH"" NUGENT",1,0.674308060437946
"RICHARD B NUGENT",2,0.655679540145511
"RICHARD BAKER",1,1
"RICHARD BRUCE CHENEY",1,0.586309776853691
"RICHARD BURR",5,0.699839344587517
"RICHARD H BAKER",8,0.822300809344592
"RICHARD HUDSON",6,0.569868111200055
"RICHARD HUGH BAKER",1,1
"RICHARD K ARMEY",6,0.756931819554821
"RICHARD KELLY",2,0.550215571479303
"RICHARD L HANNA",2,0.582637679774005
"RICHARD T SCHULZE",8,0.688292010132163
"RICHARD W POMBO",7,0.585533754802274
"RICK BERG",1,0.54920793419761
"RICK CRAWFORD",2,0.60367899265787
"RICK HILL",2,0.527108121403007
"RICK LAZIO",4,0.476429435424073
"RICK RENZI",3,0.53168441325667
"RICK SANTORUM",2,0.560034024352859
"RICK W ALLEN",4,0.597640369253907
"RICK WHITE",2,0.526979302188663
"ROB BISHOP",9,0.655227306359988
"ROB PORTMAN",6,0.740930852324829
"ROB SIMMONS",2,0.541411123872273
"ROB WOODALL",5,0.610151535528775
"ROBERT ""BOB"" WHITTAKER",1,0.570493347306422
"ROBERT ADERHOLT",1,0.797747749698011
"ROBERT B ADERHOLT",13,0.776558239274037
"ROBERT C ""ROBIN"" HAYES",3,0.537582778827405
"ROBERT C MCEWEN",2,0.542286828454903
"ROBERT C SMITH",2,0.574728964569152
"ROBERT DOLD",2,0.511888686470043
"ROBERT E BADHAM",6,0.651811702769109
"ROBERT E BAUMAN",2,0.587853662302007
"ROBERT E LATTA",7,0.659214769576601
"ROBERT F ""BOB"" SMITH",6,0.617470933847031
"ROBERT F SMITH",1,0.616644616171032
"ROBERT G ""BOB"" GOOD",1,0.524432226328989
"ROBERT H MICHEL",9,0.635471586088146
"ROBERT HURT",3,0.557064291694155
"ROBERT J ""BOB"" LAGOMARSINO",4,0.691799915055631
"ROBERT J ""ROB"" WITTMAN",1,0.551789967509884
"ROBERT J LAGOMARSINO",4,0.671009556422211
"ROBERT J WITTMAN",7,0.590886167281459
"ROBERT K ""BOB"" DORNAN",3,0.559795163537788
"ROBERT K DORNAN",6,0.536784498017236
"ROBERT L ""BOB"" LIVINGSTON",3,0.961183440476834
"ROBERT L EHRLICH JR",4,0.639713801401041
"ROBERT L LIVINGSTON",2,1
"ROBERT M MCCLORY",1,0.611621379060131
"ROBERT MCCLORY",2,0.692239709123959
"ROBERT PITTENGER",3,0.679556143692362
"ROBERT S WALKER",10,0.714669795332326
"ROBERT W ""BOB"" DANIEL JR",2,0.568622018425207
"ROBERT W DANIEL JR",1,0.999409294620729
"ROBERT W DAVIS",3,0.586137465293505
"ROBERT W KASTEN JR",1,0.65905506108062
"ROBERT W NEY",6,0.658342800055038
"ROBIN BEARD",1,0.746332792937086
"ROBIN HAYES",2,0.518808738774366
"ROBIN L BEARD JR",2,0.82007214747084
"ROD BLUM",2,0.524094451741678
"ROD CHANDLER",5,0.623375375215238
"RODD RUSSELL PLATTS",1,0.719106356308432
"RODNEY ALEXANDER",4,0.811660687234047
"RODNEY DAVIS",5,0.539422984797757
"RODNEY P FRELINGHUYSEN",12,0.653286139771195
"ROGER F WICKER",7,0.69149884349597
"ROGER MARSHALL",2,0.670206280954431
"ROGER WILLIAMS",6,0.644105174643858
"RON DESANTIS",3,0.594450850066086
"RON ESTES",3,0.621436977769741
"RON LEWIS",7,0.631752967412854
"RON MARIENEE",1,0.536925008560667
"RON MARLENCE",1,0.549558845618824
"RON MARLENEE",6,0.589668828249677
"RON PACKARD",8,0.705322244301615
"RON PAUL",10,0.719950393805217
"RON WRIGHT",2,0.529492362480831
"RONALD A SARASIN",1,0.665047207173627
"RONALD E PAUL",1,0.50555113520715
"RONALD K MACHTLEY",3,0.602849069085632
"RONNY JACKSON",2,0.773692758723338
"ROSCOE G BARTLETT",10,0.612811118206632
"ROSS SPANO",1,0.530168247341804
"ROY BLUNT",7,0.701507374897506
"RUDOLPH “RUDY” YAKYM III",1,0.645700329257547
"RUSS FULCHER",3,0.672856067980693
"RUSSELL FRY",1,0.647745849171804
"RYAN A COSTELLO",1,0.572377223983292
"RYAN COSTELLO",1,0.562909327009937
"RYAN K ZINKE",2,0.529187194573813
"RYAN ZINKE",1,0.554052989023353
"S BRETT GUTHRIE",2,0.596463757915349
"S WILLIAM GREEN",1,0.505139937533355
"SAM BROWNBACK",1,0.656469165659008
"SAM GRAVES",11,0.654404805943686
"SAM JOHNSON",13,0.772406750702618
"SAMUEL B ""SAM"" GRAVES JR",1,0.50850838759741
"SAMUEL L DEVINE",2,0.516980105761367
"SANDRA ""SANDY"" ADAMS",1,0.596369438968947
"SARAH PALIN",1,0.490797010735556
"SAXBY CHAMBLISS",4,0.591259687314684
"SCOTT DES JARLAIS",1,0.583249666478703
"SCOTT DESJARLAIS",6,0.630788774231991
"SCOTT FITZGERALD",2,0.622500627817475
"SCOTT FRANKLIN",1,0.553852218362766
"SCOTT G PERRY",2,0.523173653544
"SCOTT GARRETT",7,0.576017066930212
"SCOTT L KLUG",4,0.606028700478633
"SCOTT MCINNIS",6,0.651616752697643
"SCOTT PERRY",4,0.635419603859695
"SCOTT R TIPTIN",1,0.500998065883976
"SCOTT R TIPTON",4,0.543652354430772
"SCOTT W TAYLOR",1,0.613313713305019
"SEAN DUFFY",1,0.521056334983038
"SEAN P DUFFY",3,0.59288997494148
"SHARNA WAHLGREN",1,0.328972798040035
"SHELLEY MOORE CAPITO",7,0.597803298055119
"SHERWOOD BOEHLERT",1,0.448201167828216
"SHERWOOD K BOEHLERT",1,0.605217611139201
"SHERWOOD L BOEHLERT",10,0.623128125551481
"SHIRLEY N PETTIS",1,0.710792683251156
"SID MORRISON",6,0.700895045257983
"SILVIO CONTE",1,0.998900832335239
"SILVIO O CONTE",7,0.774471331718717
"SONNY BONO",2,0.566897389788203
"SONNY CALLAHAN",6,0.803367356218184
"SPENCER BACHUS",10,0.863644530483076
"SPENCER T BAUCHUS III",1,0.523308072064225
"STAN PARRIS",1,0.623031400966184
"STANFORD E ""STAN"" PARRIS",4,0.540175153993636
"STEPHAN HORN",1,0.58465791766425
"STEPHANIE BICE",1,0.520623730866318
"STEPHANIE I BICE",1,0.589967777580305
"STEPHEN E BUYER",3,0.637966440658016
"STEPHEN HORN",3,0.513184893034253
"STEPHEN KNIGHT",1,0.531300615329241
"STEPHEN LEE FINCHER",3,0.660517814186414
"STEVAN PEARCE",3,0.607785986650909
"STEVE AUSTRIA",2,0.601917140694443
"STEVE BARTLETT",5,0.871192110396442
"STEVE BUYER",5,0.647879852486356
"STEVE CHABOT",13,0.559884652814099
"STEVE DAINES",1,0.532513444782591
"STEVE GUNDERSON",3,0.577182700758041
"STEVE HORN",1,0.486147865265871
"STEVE KING",9,0.595201462182115
"STEVE KNIGHT",1,1
"STEVE LARGENT",4,0.654720411734971
"STEVE PEARCE",2,0.558141256885703
"STEVE RUSSELL",2,0.585939954938321
"STEVE SCALISE",7,0.732612440027069
"STEVE SOUTHERLAND",1,0.535969469969108
"STEVE SOUTHERLAND II",1,0.526959888288915
"STEVE STIVERS",6,0.616087304906218
"STEVE STOCKMAN",2,0.613104831234547
"STEVE WATKINS",1,0.476402405851418
"STEVE WOMACK",7,0.711159665803784
"STEVEN C GUNDERSON",4,0.643489973835317
"STEVEN C LATOURETTE",9,0.611196822711043
"STEVEN D SYMMS",2,0.572651898073868
"STEVEN E BUYER",1,0.510248792325312
"STEVEN GUNDERSON",1,0.50991625075328
"STEVEN H SCHIFF",1,0.505641653836212
"STEVEN M PALAZZO",4,0.747681814472827
"STEVEN PALAZZO",2,0.600746171930045
"STEVEN PEARCE",2,0.617417102892563
"STEVEN SCHIFF",4,0.65832471931971
"STEVEN T KUYKENDALL",1,0.488938174853885
"STEWART B MCKINNEY",6,0.603879539673415
"SUE MYRICK",2,0.639699823305
"SUE W KELLY",6,0.481938614922022
"SUE WILKINS MYRICK",7,0.683356276986136
"SUSAN BROOKS",1,0.58366505779055
"SUSAN MOLINARI",4,0.434869950875735
"SUSAN W BROOKS",3,0.611446184845426
"SUSAN W SWEETSER",1,0.325948348291756
"TAD JUDE",1,0.49693776753375
"TED BUDD",3,0.586087421185654
"TED POE",7,0.702986317942331
"TED S YOHO",2,0.607741177723099
"TED YOHO",2,0.611768770160547
"TENNYSON GUYER",3,0.702994523172355
"TERRY EVERETT",8,0.666708278589706
"THAD COCHRAN",1,0.760442435954313
"THADDEUS G MCCOTTER",5,0.557785861108031
"THELMA D DRAKE",2,0.531732680275697
"THOMAS A MARINO",2,0.606071216266203
"THOMAS B EVANS JR",3,0.571428328691772
"THOMAS E PETRI",16,0.760034453358616
"THOMAS F HARTNETT",3,0.558848706173379
"THOMAS G LOEFFLER",1,0.570466121471621
"THOMAS G TANCREDO",4,0.597131741517285
"THOMAS H KEAN, JR",1,0.514013537874122
"THOMAS J ""TOM"" BLILEY JR",4,0.658776905358897
"THOMAS J BLILEY JR",4,0.829639639340568
"THOMAS J RIDGE",4,0.742527716842432
"THOMAS J ROONEY",4,0.626316919389844
"THOMAS J TAUKE",2,0.545150038518896
"THOMAS M DAVIS",4,0.651496501432151
"THOMAS M REYNOLDS",5,0.45446363768147
"THOMAS MACARTHUR",1,0.593171980735231
"THOMAS MASSIE",6,0.659220814740729
"THOMAS N KINDNESS",5,0.71859435978456
"THOMAS P TIFFANY",2,0.612924915354085
"THOMAS W EWING",4,0.615994314431808
"THOMAS W REED II",2,0.460305428459821
"TILLIE FOWLER",1,0.56742987668653
"TILLIE K FOWLER",2,1
"TILLIE W FOWLER",1,1
"TIM BURCHETT",3,0.671640293523438
"TIM GRIFFIN",2,0.565470968493925
"TIM HUELSKAMP",3,0.805774077607084
"TIM JOHNSON",1,0.532253974693815
"TIM LEE CARTER",2,0.728832614045097
"TIM MURPHY",8,0.720058478659025
"TIM PHILBIN",1,0.30907804041798
"TIM SCOTT",2,0.636997865855047
"TIM WALBERG",8,0.546123869628296
"TIMOTHY V JOHNSON",5,0.624640334473021
"TOBY ROTH",9,0.639012337397858
"TODD AKIN",1,0.553327831122384
"TODD C YOUNG",2,0.588135115040052
"TODD KINARD",1,0.661096157150221
"TODD PLATTS",1,0.725704749369876
"TODD ROKITA",4,0.654984012683073
"TODD RUSSELL PLATTS",4,0.782869290387741
"TODD TIAHRT",7,0.575951176100159
"TODD YOUNG",1,0.523384708156714
"TOM A COBURN",3,0.550858831671455
"TOM A GARRETT JR",1,0.582353204991647
"TOM BLILEY",2,0.769052599749031
"TOM CAMPBELL",4,0.578934934039172
"TOM COLE",11,0.698312267589953
"TOM COLEMAN",5,0.613740478343642
"TOM CORCORAN",4,0.64402467704081
"TOM COTTON",1,0.595277907573961
"TOM DAVIS",3,0.662002579891166
"TOM DELAY",11,0.663971465573702
"TOM EMMER",5,0.621297999124352
"TOM FEENEY",3,0.732596539976686
"TOM GRAVES",5,0.898945974484685
"TOM HAGEDORN",3,0.637913161265572
"TOM LATHAM",10,0.645560762833527
"TOM LEWIS",6,0.854645724219082
"TOM LOEFFLER",3,0.772244985133745
"TOM MACARTHUR",1,0.53986770766726
"TOM MARINO",3,0.661120435748746
"TOM MCCLINTOCK",7,0.581039070953871
"TOM OSBORNE",3,0.875412035201422
"TOM PETRI",1,0.992247065628268
"TOM PRICE",7,0.761393869772083
"TOM RAILSBACK",3,0.806166350398109
"TOM REED",4,0.469429243626493
"TOM RICE",5,0.595570996675402
"TOM RIDGE",2,0.731492967191756
"TOM ROONEY",1,0.600932864133407
"TOM TANCREDO",1,0.559140108841898
"TOM TAUKE",4,0.595217833236744
"TONY GONZALES",2,0.532184214696984
"TORREY WESTROM",1,0.456557394066477
"TRACEY MANN",2,0.694129319040636
"TRENT FRANKS",7,0.630263789222036
"TRENT KELLY",4,0.693370390502261
"TRENT LOTT",6,0.812813714148412
"TREY GOWDY",4,0.700933667325031
"TREY HOLLINGSWORTH",3,0.574904240842261
"TREY RADEL",1,0.61993168221125
"TROY BALDERSON",3,0.586444137061166
"TROY E NEHLS",1,0.621909914391725
"TROY NEHLS",1,0.515280065090381
"VAN HILLEARY",4,0.599626447061349
"VAN TAYLOR",2,0.546565209980676
"VERN BUCHANAN",9,0.579556926590154
"VERNON J EHLERS",8,0.676621529135622
"VICKY HARTZLER",6,0.631773832703533
"VICTORIA SPARTZ",2,0.555472058366762
"VIN WEBER",6,0.569042567675682
"VINCE SNOWBARGER",1,0.498342070585539
"VIRGIL H GOODE JR",3,0.620913482061834
"VIRGINIA FOXX",10,0.604320691956563
"VIRGINIA SMITH",7,0.812411266181074
"VITO FOSSELLA",5,0.464820476122628
"W GREGORY STEUBE",2,0.642323322158473
"W HENSON MOORE",5,0.911845962437086
"W J ""BILLY"" TAUZIN",4,0.911652734331499
"W TODD AKIN",5,0.648166168027617
"WALLY HERGER",13,0.623844234671542
"WALTER B JONES",11,0.717528723442645
"WALTER B JONES JR",2,0.576837339003685
"WARREN DAVIDSON",4,0.672334884696342
"WAYNE ALLARD",3,0.613974081126131
"WAYNE GRISHAM",2,0.634173194591201
"WAYNE T GILCHREST",9,0.658562325614203
"WEBB FRANKLIN",2,0.504976063559752
"WENDELL BAILEY",1,0.57144199869308
"WES COOLEY",1,0.572806669482595
"WES WATKINS",3,0.666560398368612
"WESLEY HUNT",1,0.629536420273292
"WILL HURD",3,0.490800370001652
"WILLIAM ""BILL"" CASSIDY",1,0.481191744340879
"WILLIAM ""BILL"" MEUB",1,0.323246986748352
"WILLIAM A STEIGER",2,0.664837552603083
"WILLIAM C WAMPLER",3,0.628562640460457
"WILLIAM CARNEY",4,0.476608263514695
"WILLIAM E ""BILL"" DANNEMEYER",4,0.746347163967874
"WILLIAM E ""BILL""DANNEMEYER",1,0.744647262521784
"WILLIAM E DANNEMEYER",2,0.645268235770368
"WILLIAM F CLINGER JR",5,0.751291967922737
"WILLIAM F GOODLING",8,0.751831264409282
"WILLIAM F WALSH",1,0.684867719077453
"WILLIAM H HARSHA",2,0.631857046973786
"WILLIAM H ZELIFF JR",2,0.593986058469395
"WILLIAM J JANKLOW",1,0.534683136763382
"WILLIAM J MARTINI",1,0.498655990040179
"WILLIAM L ""BILL"" DICKINSON",2,0.558018546530431
"WILLIAM L ARMSTRONG",1,0.664308806346312
"WILLIAM L DICKINSON",1,0.512834165150283
"WILLIAM L JENKINS",5,0.813024050809483
"WILLIAM M ""BILL"" HENDON",2,0.522417033917302
"WILLIAM M ""MAC"" THORNBERRY",3,0.634019810221859
"WILLIAM M KETCHUM",1,0.64201943905874
"WILLIAM M THOMAS",14,0.711255142506392
"WILLIAM R TIMMONS IV",2,0.762091403696504
"WILLIAM S BROOMFIELD",7,0.73310622308869
"WILLIAM S COHEN",1,0.771096849421764
"WILLIAM TIMMONS",1,0.59569993851199
"WILLIAM W ""BILL"" COBEY JR",1,0.506412301960345
"WILLIS D GRADISON JR",9,0.680821731394656
"WM S BROOMFIELD",1,0.663555760503893
"Y TIM HUTCHINSON",2,0.589678065564179
"YOUNG KIM",2,0.537164559576242
"YVETTE HERRELL",1,0.537026412929427
"ZACH NUNN",1,0.49600843070223
"ZACH WAMP",8,0.62846628513568
